{
    "correction": 0.8618339363744677, 
    "firstPartySqrtCoeff": 0.5, 
    "grading": [
        [
            0, 
            "Aplus"
        ], 
        [
            0.29999999999999999, 
            "A"
        ], 
        [
            0.69999999999999996, 
            "Aminus"
        ], 
        [
            -1, 
            "Bplus"
        ], 
        [
            -1.5, 
            "B"
        ], 
        [
            -2, 
            "Bminus"
        ], 
        [
            -2.5, 
            "Cplus"
        ], 
        [
            -3, 
            "C"
        ], 
        [
            -3.5, 
            "Cminus"
        ], 
        [
            -4, 
            "Dplus"
        ], 
        [
            -4.5, 
            "D"
        ]
    ]
}